model,dataset,lang,source_code,view,layer,layer_name,n_points,d,isoscore,mev,avg_cos,id_mle,id_score,id_n_unique
qwen3-embedding-0.6b,in22-gen,doi_Deva,doi_Deva,token,0,embeddings,16000,1024,0.03214352950453758,0.11054254008211624,0.17835921523036205,15.34113999892259,0.014981582030197841,150
qwen3-embedding-0.6b,in22-gen,doi_Deva,doi_Deva,token,1,layer 1,16000,1024,0.017405616119503975,0.1802596372508708,0.3235143338972057,2.1650243672367364,0.0021142816086296254,15899
qwen3-embedding-0.6b,in22-gen,doi_Deva,doi_Deva,token,2,layer 2,16000,1024,0.027614617720246315,0.14115816709446113,0.3608097916604275,2.7286389009815197,0.0026646864267397654,15899
qwen3-embedding-0.6b,in22-gen,doi_Deva,doi_Deva,token,3,layer 3,16000,1024,9.846710327110486e-07,0.9994986147800845,0.2756801038608467,3.1617036796148796,0.003087601249623906,15899
qwen3-embedding-0.6b,in22-gen,doi_Deva,doi_Deva,token,4,layer 4,16000,1024,1.2569996670208639e-06,0.9993579736275565,0.27927928454467493,3.611542755181859,0.003526897221857284,15899
qwen3-embedding-0.6b,in22-gen,doi_Deva,doi_Deva,token,5,layer 5,16000,1024,1.3876287994207814e-06,0.99928714122501,0.33643867545257383,4.264075803525823,0.004164136526880686,15899
qwen3-embedding-0.6b,in22-gen,doi_Deva,doi_Deva,token,6,layer 6,16000,1024,2.119198597938521e-06,0.998915933048045,0.3615258087817648,5.068547824902821,0.004949753735256661,15899
qwen3-embedding-0.6b,in22-gen,doi_Deva,doi_Deva,token,7,layer 7,16000,1024,2.4290495730383554e-06,0.9987584365181844,0.39950121912025666,5.550987383386372,0.005420886116588254,15899
qwen3-embedding-0.6b,in22-gen,doi_Deva,doi_Deva,token,8,layer 8,16000,1024,2.8994775220780866e-06,0.9985172799773958,0.39135937693524525,6.744265986776942,0.006586197252711858,15899
qwen3-embedding-0.6b,in22-gen,doi_Deva,doi_Deva,token,9,layer 9,16000,1024,3.0525968668371206e-06,0.9984425180431634,0.4387442582484404,7.004215246798877,0.006840053951952028,15899
qwen3-embedding-0.6b,in22-gen,doi_Deva,doi_Deva,token,10,layer 10,16000,1024,3.7810202684340766e-06,0.998067638859905,0.44414009680942756,7.63453606085399,0.007455601621927725,15899
qwen3-embedding-0.6b,in22-gen,doi_Deva,doi_Deva,token,11,layer 11,16000,1024,5.122736638440983e-06,0.9973935911723748,0.49062068772707884,8.800452570526652,0.008594191963404933,15899
qwen3-embedding-0.6b,in22-gen,doi_Deva,doi_Deva,token,12,layer 12,16000,1024,7.90638387115905e-06,0.9959804418797188,0.5049305521019198,8.111895841083332,0.007921773282307941,15899
qwen3-embedding-0.6b,in22-gen,doi_Deva,doi_Deva,token,13,layer 13,16000,1024,8.187103048840072e-06,0.99583954149078,0.5250486775956265,8.395693164183122,0.00819891910564758,15899
qwen3-embedding-0.6b,in22-gen,doi_Deva,doi_Deva,token,14,layer 14,16000,1024,8.782682925811969e-06,0.9955353311213793,0.5506635226770427,8.684800083798294,0.008481250081834271,15899
qwen3-embedding-0.6b,in22-gen,doi_Deva,doi_Deva,token,15,layer 15,16000,1024,9.05233173398301e-06,0.9954050971188445,0.5795474388499627,8.953957006202565,0.008744098638869692,15899
qwen3-embedding-0.6b,in22-gen,doi_Deva,doi_Deva,token,16,layer 16,16000,1024,1.0765076694951858e-05,0.9945384035031791,0.5688765488252983,9.305951859466106,0.009087843612759869,15899
qwen3-embedding-0.6b,in22-gen,doi_Deva,doi_Deva,token,17,layer 17,16000,1024,2.265244438603986e-05,0.9886091837543514,0.44042632424603484,8.029547717332633,0.00784135519270765,15899
qwen3-embedding-0.6b,in22-gen,doi_Deva,doi_Deva,token,18,layer 18,16000,1024,2.9968143280711956e-05,0.9850177218156771,0.49630382458498007,8.365121125680538,0.0081690635992974,15899
qwen3-embedding-0.6b,in22-gen,doi_Deva,doi_Deva,token,19,layer 19,16000,1024,4.3970398110104725e-05,0.9782408030775039,0.47213822929957877,8.092394847637856,0.007902729343396343,15899
qwen3-embedding-0.6b,in22-gen,doi_Deva,doi_Deva,token,20,layer 20,16000,1024,8.50402720971033e-05,0.9591399400843104,0.43193683604976124,7.744700133826262,0.007563183724439709,15899
qwen3-embedding-0.6b,in22-gen,doi_Deva,doi_Deva,token,21,layer 21,16000,1024,0.00015853856166359037,0.9275806720280595,0.4079232617314455,7.372644187504313,0.00719984783935968,15899
qwen3-embedding-0.6b,in22-gen,doi_Deva,doi_Deva,token,22,layer 22,16000,1024,0.0002563327143434435,0.8900299583747592,0.4306004453495298,6.871873304194733,0.006710813773627669,15899
qwen3-embedding-0.6b,in22-gen,doi_Deva,doi_Deva,token,23,layer 23,16000,1024,0.0003624086966738105,0.8540168893954324,0.438118513541251,6.832362128158461,0.006672228640779747,15899
qwen3-embedding-0.6b,in22-gen,doi_Deva,doi_Deva,token,24,layer 24,16000,1024,0.0004938458441756666,0.8148726598805037,0.4725653534322112,6.8333486858506856,0.00667319207602606,15899
qwen3-embedding-0.6b,in22-gen,doi_Deva,doi_Deva,token,25,layer 25,16000,1024,0.0006088540540076792,0.7846237745824118,0.5223777656017513,7.285713749984426,0.007114954833969166,15899
qwen3-embedding-0.6b,in22-gen,doi_Deva,doi_Deva,token,26,layer 26,16000,1024,0.0007239757105708122,0.7575302930026079,0.5977288908738763,7.832792436509099,0.007649211363778417,15899
qwen3-embedding-0.6b,in22-gen,doi_Deva,doi_Deva,token,27,layer 27,16000,1024,0.0009059830335900187,0.7191185457098161,0.6815198543947696,8.499611022589624,0.00830040138924768,15899
qwen3-embedding-0.6b,in22-gen,doi_Deva,doi_Deva,token,28,layer 28 (before final norm),16000,1024,0.018679460510611534,0.19758058374184803,0.3792570840101809,9.491887898401158,0.009269421775782381,15899
qwen3-embedding-0.6b,in22-gen,doi_Deva,doi_Deva,token,29,layer 28 (after final norm),16000,1024,0.16003772616386414,0.04971574727303549,0.23280265252335625,9.395769798924693,0.009175556444262396,15899
qwen3-embedding-0.6b,in22-gen,doi_Deva,doi_Deva,sentence-mean,0,embeddings,1024,1024,0.022268496453762054,0.148778450269762,0.9535489610708097,21.466250024627424,0.02096313478967522,1024
qwen3-embedding-0.6b,in22-gen,doi_Deva,doi_Deva,sentence-mean,1,layer 1,1024,1024,0.022479712963104248,0.12212600207969763,0.9797771923521472,20.964782347031345,0.0204734202607728,1024
qwen3-embedding-0.6b,in22-gen,doi_Deva,doi_Deva,sentence-mean,2,layer 2,1024,1024,0.03168749064207077,0.0985902977564788,0.9789597639450954,23.929031467064984,0.02336819479205565,1024
qwen3-embedding-0.6b,in22-gen,doi_Deva,doi_Deva,sentence-mean,3,layer 3,1024,1024,4.752640052174684e-06,0.9975793253777369,0.9948178840852848,7.542303282498412,0.007365530549314855,1024
qwen3-embedding-0.6b,in22-gen,doi_Deva,doi_Deva,sentence-mean,4,layer 4,1024,1024,6.405605745385401e-06,0.9967375741894866,0.9931591322537398,8.42837926806281,0.008230839128967589,1024
qwen3-embedding-0.6b,in22-gen,doi_Deva,doi_Deva,sentence-mean,5,layer 5,1024,1024,8.194677320716437e-06,0.9958325510761907,0.990832562035255,8.903473227078646,0.00869479807331899,1024
qwen3-embedding-0.6b,in22-gen,doi_Deva,doi_Deva,sentence-mean,6,layer 6,1024,1024,1.6585239791311324e-05,0.9916232334327452,0.9881342975812286,10.897259217016751,0.010641854704117921,1024
qwen3-embedding-0.6b,in22-gen,doi_Deva,doi_Deva,sentence-mean,7,layer 7,1024,1024,2.17926935874857e-05,0.9890392120786914,0.9865548290248469,11.23942265199958,0.01097599868359334,1024
qwen3-embedding-0.6b,in22-gen,doi_Deva,doi_Deva,sentence-mean,8,layer 8,1024,1024,3.202103835064918e-05,0.9840083724552192,0.9835221261391314,12.06085927742828,0.011778182888113555,1024
qwen3-embedding-0.6b,in22-gen,doi_Deva,doi_Deva,sentence-mean,9,layer 9,1024,1024,3.8511592720169574e-05,0.9808612813972847,0.9818006202416809,11.914318247710575,0.011635076413779859,1024
qwen3-embedding-0.6b,in22-gen,doi_Deva,doi_Deva,sentence-mean,10,layer 10,1024,1024,5.519273690879345e-05,0.9729014849457874,0.9800170750008241,12.203076387563874,0.011917066784730345,1024
qwen3-embedding-0.6b,in22-gen,doi_Deva,doi_Deva,sentence-mean,11,layer 11,1024,1024,8.97496793186292e-05,0.9570055080873981,0.9796186006843804,13.04876899378641,0.012742938470494541,1024
qwen3-embedding-0.6b,in22-gen,doi_Deva,doi_Deva,sentence-mean,12,layer 12,1024,1024,0.0001251405046787113,0.9414971164630048,0.9799711751011376,14.09466812996013,0.01376432434566419,1024
qwen3-embedding-0.6b,in22-gen,doi_Deva,doi_Deva,sentence-mean,13,layer 13,1024,1024,0.00013220531400293112,0.9384873890174692,0.9799726957459037,14.011264711068867,0.01368287569440319,1024
qwen3-embedding-0.6b,in22-gen,doi_Deva,doi_Deva,sentence-mean,14,layer 14,1024,1024,0.0001438531035091728,0.9335850838622275,0.9807807620183093,14.30366282033982,0.013968420722988106,1024
qwen3-embedding-0.6b,in22-gen,doi_Deva,doi_Deva,sentence-mean,15,layer 15,1024,1024,0.00015590290422551334,0.928592935996023,0.9810774639624927,14.237682448585787,0.013903986766197057,1024
qwen3-embedding-0.6b,in22-gen,doi_Deva,doi_Deva,sentence-mean,16,layer 16,1024,1024,0.00020691656391136348,0.9083022368992828,0.9777767688757311,14.511664321357,0.014171547188825195,1024
qwen3-embedding-0.6b,in22-gen,doi_Deva,doi_Deva,sentence-mean,17,layer 17,1024,1024,0.00035089481389150023,0.8574564691503257,0.9691164631146869,16.760513627977275,0.016367689089821558,1024
qwen3-embedding-0.6b,in22-gen,doi_Deva,doi_Deva,sentence-mean,18,layer 18,1024,1024,0.0005374844768084586,0.8025553869632458,0.9720719247445303,17.822702347601965,0.017404982761330044,1024
qwen3-embedding-0.6b,in22-gen,doi_Deva,doi_Deva,sentence-mean,19,layer 19,1024,1024,0.000867131631821394,0.7264486403063285,0.9649704332534617,18.24773296409063,0.017820051722744756,1024
qwen3-embedding-0.6b,in22-gen,doi_Deva,doi_Deva,sentence-mean,20,layer 20,1024,1024,0.0018148943781852722,0.58780554027542,0.956615503143969,20.56408462622867,0.020082113892801436,1024
qwen3-embedding-0.6b,in22-gen,doi_Deva,doi_Deva,sentence-mean,21,layer 21,1024,1024,0.0038373603019863367,0.442822681732971,0.9477834078498898,21.65246230293283,0.02114498271770784,1024
qwen3-embedding-0.6b,in22-gen,doi_Deva,doi_Deva,sentence-mean,22,layer 22,1024,1024,0.006565264891833067,0.3491482596743997,0.9499094364805218,22.63591457592154,0.02210538532804838,1024
qwen3-embedding-0.6b,in22-gen,doi_Deva,doi_Deva,sentence-mean,23,layer 23,1024,1024,0.00901890266686678,0.29939557775310754,0.9514567012883772,22.96774687427116,0.02242944030690543,1024
qwen3-embedding-0.6b,in22-gen,doi_Deva,doi_Deva,sentence-mean,24,layer 24,1024,1024,0.012815729714930058,0.2476107649155423,0.9561171021990935,23.420626876448853,0.022871705934032083,1024
qwen3-embedding-0.6b,in22-gen,doi_Deva,doi_Deva,sentence-mean,25,layer 25,1024,1024,0.016041645780205727,0.217527138033033,0.962512810189303,24.393687261309513,0.02382196021612257,1024
qwen3-embedding-0.6b,in22-gen,doi_Deva,doi_Deva,sentence-mean,26,layer 26,1024,1024,0.021711811423301697,0.18218257572007673,0.9683338175357548,25.774814833411384,0.025170717610753304,1024
qwen3-embedding-0.6b,in22-gen,doi_Deva,doi_Deva,sentence-mean,27,layer 27,1024,1024,0.02622777596116066,0.15972995033400345,0.9748716775001808,25.44137472993921,0.02484509250970626,1024
qwen3-embedding-0.6b,in22-gen,doi_Deva,doi_Deva,sentence-mean,28,layer 28 (before final norm),1024,1024,0.026813698932528496,0.16681195830335543,0.8739961605304619,25.156395717887307,0.024566792693249323,1024
qwen3-embedding-0.6b,in22-gen,doi_Deva,doi_Deva,sentence-mean,29,layer 28 (after final norm),1024,1024,0.07304892688989639,0.05367777390892658,0.7444525098480855,24.951600980655083,0.02436679783267098,1024
qwen3-embedding-0.6b,in22-gen,doi_Deva,doi_Deva,sentence-last,0,embeddings,1024,1024,0.0012454513926059008,0.6350172252399101,0.9464411884685033,,,9
qwen3-embedding-0.6b,in22-gen,doi_Deva,doi_Deva,sentence-last,1,layer 1,1024,1024,0.004688870161771774,0.35388875071318576,0.9630554035650968,7.529847624938385,0.007353366821228891,1024
qwen3-embedding-0.6b,in22-gen,doi_Deva,doi_Deva,sentence-last,2,layer 2,1024,1024,0.006999148987233639,0.2585200425456869,0.9576498271493404,8.304656361265241,0.008110015977798087,1024
qwen3-embedding-0.6b,in22-gen,doi_Deva,doi_Deva,sentence-last,3,layer 3,1024,1024,0.00876053050160408,0.2016225414887679,0.9382737470376102,9.616614949948488,0.00939122553705907,1024
qwen3-embedding-0.6b,in22-gen,doi_Deva,doi_Deva,sentence-last,4,layer 4,1024,1024,0.011393331922590733,0.17498222001597621,0.9287484613500505,10.50319750791976,0.01025702881632789,1024
qwen3-embedding-0.6b,in22-gen,doi_Deva,doi_Deva,sentence-last,5,layer 5,1024,1024,0.010658632963895798,0.18832019359641902,0.9449437975175847,10.892183666067726,0.010636898111394264,1024
qwen3-embedding-0.6b,in22-gen,doi_Deva,doi_Deva,sentence-last,6,layer 6,1024,1024,0.010772526264190674,0.23090388279607424,0.9312530273995239,13.07500508598958,0.0127685596542867,1024
qwen3-embedding-0.6b,in22-gen,doi_Deva,doi_Deva,sentence-last,7,layer 7,1024,1024,0.01648184470832348,0.18375530009978122,0.9100277977824873,14.758855822580944,0.014412945139239203,1024
qwen3-embedding-0.6b,in22-gen,doi_Deva,doi_Deva,sentence-last,8,layer 8,1024,1024,0.016578979790210724,0.20128504605386494,0.8504605906388765,15.888842601334867,0.01551644785286608,1024
qwen3-embedding-0.6b,in22-gen,doi_Deva,doi_Deva,sentence-last,9,layer 9,1024,1024,0.015231364406645298,0.21004184739857026,0.8642310857889107,16.21620670070153,0.015836139356153838,1024
qwen3-embedding-0.6b,in22-gen,doi_Deva,doi_Deva,sentence-last,10,layer 10,1024,1024,0.019259711727499962,0.17713999631383465,0.8624632131428411,17.189879378396938,0.01678699158046576,1024
qwen3-embedding-0.6b,in22-gen,doi_Deva,doi_Deva,sentence-last,11,layer 11,1024,1024,0.02713809348642826,0.1366303765092338,0.862666214452702,17.161524966030722,0.016759301724639377,1024
qwen3-embedding-0.6b,in22-gen,doi_Deva,doi_Deva,sentence-last,12,layer 12,1024,1024,0.025492766872048378,0.13716160524552756,0.8502512616985998,16.815729978422578,0.0164216113070533,1024
qwen3-embedding-0.6b,in22-gen,doi_Deva,doi_Deva,sentence-last,13,layer 13,1024,1024,0.02650419808924198,0.12710369330817156,0.8746609914700071,16.881963984251314,0.016486292953370424,1024
qwen3-embedding-0.6b,in22-gen,doi_Deva,doi_Deva,sentence-last,14,layer 14,1024,1024,0.02636742778122425,0.13085021054889612,0.8846145047103067,17.215913195973823,0.016812415230443186,1024
qwen3-embedding-0.6b,in22-gen,doi_Deva,doi_Deva,sentence-last,15,layer 15,1024,1024,0.025635231286287308,0.13522725305037736,0.8800287596936115,17.339928960689445,0.016933524375673286,1024
qwen3-embedding-0.6b,in22-gen,doi_Deva,doi_Deva,sentence-last,16,layer 16,1024,1024,0.028072437271475792,0.11677551472552175,0.8633649784587474,17.881847910264767,0.017462742099867937,1024
qwen3-embedding-0.6b,in22-gen,doi_Deva,doi_Deva,sentence-last,17,layer 17,1024,1024,0.0272354893386364,0.12067013760121319,0.8641203144442748,17.49669612935739,0.017086617313825575,1024
qwen3-embedding-0.6b,in22-gen,doi_Deva,doi_Deva,sentence-last,18,layer 18,1024,1024,0.03775327280163765,0.09026190741944663,0.8622393892171163,18.82703642150352,0.018385777755374533,1024
qwen3-embedding-0.6b,in22-gen,doi_Deva,doi_Deva,sentence-last,19,layer 19,1024,1024,0.03696732968091965,0.08648323359937758,0.8636966641300112,18.281210953934597,0.017852745072201755,1024
qwen3-embedding-0.6b,in22-gen,doi_Deva,doi_Deva,sentence-last,20,layer 20,1024,1024,0.03634846955537796,0.09332830439151142,0.8571472198521077,18.349538333464732,0.017919471028774153,1024
qwen3-embedding-0.6b,in22-gen,doi_Deva,doi_Deva,sentence-last,21,layer 21,1024,1024,0.04810049384832382,0.0742474885747075,0.8399109775888478,18.815776257708304,0.018374781501668266,1024
qwen3-embedding-0.6b,in22-gen,doi_Deva,doi_Deva,sentence-last,22,layer 22,1024,1024,0.058648690581321716,0.06173711607881407,0.8549733974679186,20.06479660315491,0.019594527932768467,1024
qwen3-embedding-0.6b,in22-gen,doi_Deva,doi_Deva,sentence-last,23,layer 23,1024,1024,0.05948587507009506,0.057793539104191424,0.8823247951051886,20.07168805866699,0.019601257869791982,1024
qwen3-embedding-0.6b,in22-gen,doi_Deva,doi_Deva,sentence-last,24,layer 24,1024,1024,0.06316085904836655,0.057347368669298036,0.9002372977741608,21.083979504589553,0.020589823734950736,1024
qwen3-embedding-0.6b,in22-gen,doi_Deva,doi_Deva,sentence-last,25,layer 25,1024,1024,0.07247120887041092,0.05519377904745384,0.9114749887087876,23.412319999259555,0.02286359374927691,1024
qwen3-embedding-0.6b,in22-gen,doi_Deva,doi_Deva,sentence-last,26,layer 26,1024,1024,0.09019433706998825,0.045431127413639534,0.906991792140829,26.16249860935998,0.025549315048203104,1024
qwen3-embedding-0.6b,in22-gen,doi_Deva,doi_Deva,sentence-last,27,layer 27,1024,1024,0.09561575204133987,0.045135849463278144,0.92433983162053,27.304536267635086,0.02666458619886239,1024
qwen3-embedding-0.6b,in22-gen,doi_Deva,doi_Deva,sentence-last,28,layer 28 (before final norm),1024,1024,0.08965447545051575,0.05408020448849184,0.6784532528619465,27.871483253942824,0.02721824536517854,1024
qwen3-embedding-0.6b,in22-gen,doi_Deva,doi_Deva,sentence-last,29,layer 28 (after final norm),1024,1024,0.09505531936883926,0.04199202321608343,0.43306121393883706,27.25175267886556,0.02661303972545465,1024
