lang,source_code,n_texts,n_words,n_tokens,fertility,status,n_tokens_used
eng_Latn,eng_Latn,1024,25347,34846,1.3747583540458437,done,16000
mni_Mtei,mni_Mtei,1024,23421,385336,16.45258528670851,done,16000
npi_Deva,npi_Deva,1024,21350,76471,3.5817798594847776,done,16000
ory_Orya,ory_Orya,1024,23934,141784,5.923957549928971,done,16000
pan_Guru,pan_Guru,1024,28924,116298,4.0208131655372705,done,16000
san_Deva,san_Deva,1024,16544,93544,5.654255319148936,done,16000
sat_Olck,sat_Olck,1024,26676,417612,15.654970760233919,done,16000
snd_Deva,snd_Deva,1024,29219,90345,3.0919949348026967,done,16000
tam_Taml,tam_Taml,1024,20235,90789,4.486730911786508,done,16000
tel_Telu,tel_Telu,1024,19970,97124,4.863495242864296,done,16000
urd_Arab,urd_Arab,1024,32181,65866,2.0467356514713653,done,16000
