model,dataset,lang,source_code,view,layer,stage,n_points,d,isoscore,mev,avg_cos,id_mle,id_score,id_n_unique
embeddinggemma-300m,in22-gen,hin_Deva,hin_Deva,token,0,embedding,43862,768,0.08823291957378387,0.08459053045617798,0.20845329972573065,38.67701601429904,0.05036069793528521,5996
embeddinggemma-300m,in22-gen,hin_Deva,hin_Deva,token,1,block_1,43862,768,0.00032862587249837816,0.8933662940314759,0.7554980549868778,4.72500578976872,0.006152351288761355,43862
embeddinggemma-300m,in22-gen,hin_Deva,hin_Deva,token,2,block_2,43862,768,0.001244821003638208,0.7082153631526331,0.8558817421665238,5.079014868589359,0.006613300610142394,43862
embeddinggemma-300m,in22-gen,hin_Deva,hin_Deva,token,3,block_3,43862,768,0.004883561283349991,0.37391616897045626,0.7897035585858794,5.623591446463459,0.007322384695915962,43862
embeddinggemma-300m,in22-gen,hin_Deva,hin_Deva,token,4,block_4,43862,768,0.0080958167091012,0.32922272224046367,0.5942224038703448,7.316314981755189,0.009526451799160403,43862
embeddinggemma-300m,in22-gen,hin_Deva,hin_Deva,token,5,block_5,43862,768,0.010281671769917011,0.2736450106717685,0.5072458885048755,8.835542875610276,0.011504613119284213,43862
embeddinggemma-300m,in22-gen,hin_Deva,hin_Deva,token,6,block_6,43862,768,0.005747821182012558,0.4045370031215781,0.5444496386075849,8.88498971143095,0.011568997020092384,43862
embeddinggemma-300m,in22-gen,hin_Deva,hin_Deva,token,7,block_7,43862,768,0.020125743001699448,0.1971365184394247,0.4866933877561322,10.593443823032056,0.013793546644572989,43862
embeddinggemma-300m,in22-gen,hin_Deva,hin_Deva,token,8,block_8,43862,768,0.010087875649333,0.30053451566289896,0.6852545640601151,12.156752784535701,0.015829105188197527,43862
embeddinggemma-300m,in22-gen,hin_Deva,hin_Deva,token,9,block_9,43862,768,0.01625725068151951,0.22991765409772405,0.7871868797792992,13.263971440914814,0.017270796147024498,43862
embeddinggemma-300m,in22-gen,hin_Deva,hin_Deva,token,10,block_10,43862,768,0.022402336820960045,0.2043854974773386,0.724516920266099,15.00707121997458,0.019540457317675234,43862
embeddinggemma-300m,in22-gen,hin_Deva,hin_Deva,token,11,block_11,43862,768,0.04279473051428795,0.1294078754315335,0.5945618866639558,17.23532953824812,0.02244183533626057,43862
embeddinggemma-300m,in22-gen,hin_Deva,hin_Deva,token,12,block_12,43862,768,0.07179325819015503,0.0936541882168257,0.6252345820728914,11.005175546499222,0.014329655659504196,43862
embeddinggemma-300m,in22-gen,hin_Deva,hin_Deva,token,13,block_13,43862,768,0.05121718719601631,0.13153380954414215,0.6462133653318206,12.330100871291567,0.01605481884282756,43862
embeddinggemma-300m,in22-gen,hin_Deva,hin_Deva,token,14,block_14,43862,768,0.04212591424584389,0.15475248624629356,0.540770066822985,13.294715337055719,0.0173108272617913,43862
embeddinggemma-300m,in22-gen,hin_Deva,hin_Deva,token,15,block_15,43862,768,0.008539984002709389,0.3596607015403322,0.5507340044230995,14.313332626469249,0.018637151857381833,43862
embeddinggemma-300m,in22-gen,hin_Deva,hin_Deva,token,16,block_16,43862,768,0.019012166187167168,0.24571375620141073,0.6255252081313145,15.411762697914103,0.020067399346242323,43862
embeddinggemma-300m,in22-gen,hin_Deva,hin_Deva,token,17,block_17,43862,768,0.04138077795505524,0.16131054550062132,0.592475427544782,12.974072321245492,0.01689332333495507,43862
embeddinggemma-300m,in22-gen,hin_Deva,hin_Deva,token,18,block_18,43862,768,0.020933471620082855,0.23327530720321096,0.5154243147326567,10.815241662200348,0.01408234591432337,43862
embeddinggemma-300m,in22-gen,hin_Deva,hin_Deva,token,19,block_19,43862,768,0.016520299017429352,0.2642062641647598,0.704823032019873,10.259958214906483,0.013359320592326149,43862
embeddinggemma-300m,in22-gen,hin_Deva,hin_Deva,token,20,block_20,43862,768,0.016297509893774986,0.26504187753418285,0.7108755795925515,9.894121422217982,0.01288297060184633,43862
embeddinggemma-300m,in22-gen,hin_Deva,hin_Deva,token,21,block_21,43862,768,0.027177544310688972,0.20182880853601792,0.7657032522728138,9.614362885352948,0.012518701673636652,43862
embeddinggemma-300m,in22-gen,hin_Deva,hin_Deva,token,22,block_22,43862,768,0.003216442186385393,0.5356991279414313,0.8248189689832041,9.527389911114913,0.012405455613430877,43862
embeddinggemma-300m,in22-gen,hin_Deva,hin_Deva,token,23,block_23,43862,768,0.0008487296872772276,0.7780463219222132,0.9476688177769612,10.284218726733453,0.013390909800434184,43862
embeddinggemma-300m,in22-gen,hin_Deva,hin_Deva,token,24,block_24,43862,768,0.17985595762729645,0.06884609563523325,0.10191421796601889,10.899014391993573,0.014191424989574965,43862
embeddinggemma-300m,in22-gen,hin_Deva,hin_Deva,sentence-mean,0,embedding,1024,768,0.018677541986107826,0.24051628798560154,0.8600495661837587,26.4387060910231,0.034425398556019664,1024
embeddinggemma-300m,in22-gen,hin_Deva,hin_Deva,sentence-mean,1,block_1,1024,768,0.0014836385380476713,0.678326165695134,0.9787154318572353,12.51188237288525,0.016291513506361002,1024
embeddinggemma-300m,in22-gen,hin_Deva,hin_Deva,sentence-mean,2,block_2,1024,768,0.006759993266314268,0.33071816081838795,0.9940486836682146,12.85103505113839,0.01673311855616978,1024
embeddinggemma-300m,in22-gen,hin_Deva,hin_Deva,sentence-mean,3,block_3,1024,768,0.005269010551273823,0.407061924456192,0.9894189607355071,13.000877009417701,0.016928225272679297,1024
embeddinggemma-300m,in22-gen,hin_Deva,hin_Deva,sentence-mean,4,block_4,1024,768,0.01223477441817522,0.20990922916556468,0.9624267552143172,13.811788306603836,0.017984099357557078,1024
embeddinggemma-300m,in22-gen,hin_Deva,hin_Deva,sentence-mean,5,block_5,1024,768,0.01476235780864954,0.18752193666219585,0.9359445446853898,14.599262757124267,0.019009456715005556,1024
embeddinggemma-300m,in22-gen,hin_Deva,hin_Deva,sentence-mean,6,block_6,1024,768,0.015754135325551033,0.19181142341630367,0.9553354756057868,15.507634911623663,0.020192232957843313,1024
embeddinggemma-300m,in22-gen,hin_Deva,hin_Deva,sentence-mean,7,block_7,1024,768,0.026022786274552345,0.1442676038122695,0.9167916794873535,17.80289196407481,0.02318084891155574,1024
embeddinggemma-300m,in22-gen,hin_Deva,hin_Deva,sentence-mean,8,block_8,1024,768,0.024458354339003563,0.15218396654328098,0.9677744097053702,17.18471033658611,0.022375924917429832,1024
embeddinggemma-300m,in22-gen,hin_Deva,hin_Deva,sentence-mean,9,block_9,1024,768,0.017480425536632538,0.2310273887566737,0.9782705941710174,18.366477175272294,0.023914683821969134,1024
embeddinggemma-300m,in22-gen,hin_Deva,hin_Deva,sentence-mean,10,block_10,1024,768,0.036763258278369904,0.1234084873401287,0.9698574109048166,20.150642604159994,0.026237815890833325,1024
embeddinggemma-300m,in22-gen,hin_Deva,hin_Deva,sentence-mean,11,block_11,1024,768,0.05342959612607956,0.0900481132357744,0.9269773452000221,19.833170297780867,0.025824440491902172,1024
embeddinggemma-300m,in22-gen,hin_Deva,hin_Deva,sentence-mean,12,block_12,1024,768,0.05896872654557228,0.10671949948505147,0.9569128596380312,24.71655581367086,0.03218301538238393,1024
embeddinggemma-300m,in22-gen,hin_Deva,hin_Deva,sentence-mean,13,block_13,1024,768,0.05826416239142418,0.10680904984644128,0.9599426214167295,23.93830368129775,0.03116966625168978,1024
embeddinggemma-300m,in22-gen,hin_Deva,hin_Deva,sentence-mean,14,block_14,1024,768,0.06401510536670685,0.09989388909407926,0.9398033610585214,24.741542527619764,0.032215550166171565,1024
embeddinggemma-300m,in22-gen,hin_Deva,hin_Deva,sentence-mean,15,block_15,1024,768,0.05954911187291145,0.1061126578807096,0.9505115409589544,25.170015480786688,0.03277345765727433,1024
embeddinggemma-300m,in22-gen,hin_Deva,hin_Deva,sentence-mean,16,block_16,1024,768,0.05030461400747299,0.12197957566270151,0.9559145934105724,24.512302544036768,0.031917060604214544,1024
embeddinggemma-300m,in22-gen,hin_Deva,hin_Deva,sentence-mean,17,block_17,1024,768,0.06270789355039597,0.10135616283249195,0.9323279443414907,22.407118944140112,0.029175936125182437,1024
embeddinggemma-300m,in22-gen,hin_Deva,hin_Deva,sentence-mean,18,block_18,1024,768,0.046892791986465454,0.13870687977165203,0.9390341510004214,23.963870798343972,0.031202956768677046,1024
embeddinggemma-300m,in22-gen,hin_Deva,hin_Deva,sentence-mean,19,block_19,1024,768,0.038045529276132584,0.16204967606566933,0.9711502174893848,23.971546542198606,0.031212951226821103,1024
embeddinggemma-300m,in22-gen,hin_Deva,hin_Deva,sentence-mean,20,block_20,1024,768,0.057407934218645096,0.1207323257227129,0.9737813882164783,24.686338314349552,0.03214366968014264,1024
embeddinggemma-300m,in22-gen,hin_Deva,hin_Deva,sentence-mean,21,block_21,1024,768,0.07603958994150162,0.09311057463149175,0.9766496969571093,25.207185654942915,0.032821856321540256,1024
embeddinggemma-300m,in22-gen,hin_Deva,hin_Deva,sentence-mean,22,block_22,1024,768,0.04896700382232666,0.13549073189713734,0.9859593909835602,25.949447871004192,0.03378834358203671,1024
embeddinggemma-300m,in22-gen,hin_Deva,hin_Deva,sentence-mean,23,block_23,1024,768,0.0023605460301041603,0.595400694620845,0.9977372114091242,25.803091255691168,0.03359777507251454,1024
embeddinggemma-300m,in22-gen,hin_Deva,hin_Deva,sentence-mean,24,block_24,1024,768,0.2190885841846466,0.02471165892054449,0.448459491314607,31.669948604798236,0.04123691224583104,1024
embeddinggemma-300m,in22-gen,hin_Deva,hin_Deva,sentence-last,0,embedding,1024,768,0.0036848350428044796,0.35501682695185705,0.9567012196052587,,,12
embeddinggemma-300m,in22-gen,hin_Deva,hin_Deva,sentence-last,1,block_1,1024,768,8.436680946033448e-05,0.9690796580476165,0.9890917912622371,7.409456414073899,0.00964772970582539,1024
embeddinggemma-300m,in22-gen,hin_Deva,hin_Deva,sentence-last,2,block_2,1024,768,0.0005526136374101043,0.8350745412189914,0.9932906338858055,8.611185303994112,0.011212480864575667,1024
embeddinggemma-300m,in22-gen,hin_Deva,hin_Deva,sentence-last,3,block_3,1024,768,0.002174739260226488,0.5314354178107704,0.9906814404734879,6.763156893652746,0.008806193871943679,1024
embeddinggemma-300m,in22-gen,hin_Deva,hin_Deva,sentence-last,4,block_4,1024,768,0.0017200866714119911,0.6427525337018091,0.9892903460578052,8.898740682836497,0.011586901930776689,1024
embeddinggemma-300m,in22-gen,hin_Deva,hin_Deva,sentence-last,5,block_5,1024,768,0.000418279116274789,0.869159660354728,0.970147463004237,9.097430286415365,0.01184561235210334,1024
embeddinggemma-300m,in22-gen,hin_Deva,hin_Deva,sentence-last,6,block_6,1024,768,0.00022379515576176345,0.9236106361037111,0.9901046611679034,9.166909191461194,0.011936079676381764,1024
embeddinggemma-300m,in22-gen,hin_Deva,hin_Deva,sentence-last,7,block_7,1024,768,0.004363109357655048,0.46072701840342234,0.9459750750887098,15.060301475163897,0.019609767545786323,1024
embeddinggemma-300m,in22-gen,hin_Deva,hin_Deva,sentence-last,8,block_8,1024,768,0.006647287402302027,0.3812751551508492,0.9941579446471293,16.362505178503252,0.021305345284509444,1024
embeddinggemma-300m,in22-gen,hin_Deva,hin_Deva,sentence-last,9,block_9,1024,768,0.004931583069264889,0.4371703953282617,0.9804443658394257,15.467072577228276,0.020139417418265984,1024
embeddinggemma-300m,in22-gen,hin_Deva,hin_Deva,sentence-last,10,block_10,1024,768,0.004750222433358431,0.44009717275279947,0.990084399856222,15.782721750991978,0.02055041894660414,1024
embeddinggemma-300m,in22-gen,hin_Deva,hin_Deva,sentence-last,11,block_11,1024,768,0.0035743750631809235,0.5009165471537773,0.9693086188141181,15.50976847079576,0.02019501102968198,1024
embeddinggemma-300m,in22-gen,hin_Deva,hin_Deva,sentence-last,12,block_12,1024,768,0.009805107489228249,0.31969014869407736,0.982619368487913,19.499597932212083,0.025390101474234483,1024
embeddinggemma-300m,in22-gen,hin_Deva,hin_Deva,sentence-last,13,block_13,1024,768,0.002374789910390973,0.5904761294730216,0.9871560362749561,17.246894097824015,0.022456893356541687,1024
embeddinggemma-300m,in22-gen,hin_Deva,hin_Deva,sentence-last,14,block_14,1024,768,0.0020750078838318586,0.6161023335322442,0.9834296418678743,16.217644491887114,0.021116724598811348,1024
embeddinggemma-300m,in22-gen,hin_Deva,hin_Deva,sentence-last,15,block_15,1024,768,0.000982233788818121,0.7522960941674866,0.993003917817727,13.885007149030924,0.01807943639196735,1024
embeddinggemma-300m,in22-gen,hin_Deva,hin_Deva,sentence-last,16,block_16,1024,768,0.018127966672182083,0.2212963536739648,0.9637973535485334,20.2509263200231,0.026368393645863412,1024
embeddinggemma-300m,in22-gen,hin_Deva,hin_Deva,sentence-last,17,block_17,1024,768,0.0102345896884799,0.3097310932490055,0.905585573091875,19.56359554287063,0.02547343169644613,1024
embeddinggemma-300m,in22-gen,hin_Deva,hin_Deva,sentence-last,18,block_18,1024,768,0.002253194572404027,0.5997731011429881,0.8427644257053615,16.86375550537194,0.02195801498095305,1024
embeddinggemma-300m,in22-gen,hin_Deva,hin_Deva,sentence-last,19,block_19,1024,768,0.0027984315529465675,0.5561895117453516,0.8054777520313303,16.364175294703085,0.021307519914977976,1024
embeddinggemma-300m,in22-gen,hin_Deva,hin_Deva,sentence-last,20,block_20,1024,768,0.001588718849234283,0.667910901643167,0.754404094094006,15.163918018162263,0.019744684919482114,1024
embeddinggemma-300m,in22-gen,hin_Deva,hin_Deva,sentence-last,21,block_21,1024,768,0.0018208628753200173,0.6409794516675332,0.847059651208015,15.21954071570461,0.019817110306907044,1024
embeddinggemma-300m,in22-gen,hin_Deva,hin_Deva,sentence-last,22,block_22,1024,768,0.0014893683837726712,0.6773974101246285,0.9302573458625986,14.518287370392699,0.01890402001353216,1024
embeddinggemma-300m,in22-gen,hin_Deva,hin_Deva,sentence-last,23,block_23,1024,768,0.00022497646568808705,0.9231428539131716,0.9667094818616541,10.878385977542246,0.0141645650749248,1024
embeddinggemma-300m,in22-gen,hin_Deva,hin_Deva,sentence-last,24,block_24,1024,768,0.0007626742008142173,0.7921550793101202,0.7582074435515892,12.578757918014652,0.01637859103908158,1024
