model,dataset,lang,source_code,layer,n_tokens,d,isoscore,mev,avg_cos,id_mle,id_score,id_n_unique
gemma-3-1b-pt,in22-gen,hin_Deva,hin_Deva,0,16000,1152,0.06144169345498085,0.07399251286037589,0.09383427537168818,34.48132626237321,0.029931706824976742,3801
gemma-3-1b-pt,in22-gen,hin_Deva,hin_Deva,1,16000,1152,0.009843604639172554,0.2634361077423658,0.5762372976574206,2.8585543809244887,0.002481384011219174,15932
gemma-3-1b-pt,in22-gen,hin_Deva,hin_Deva,2,16000,1152,0.01677126996219158,0.17943302327824448,0.8564800648974107,3.7923857141054818,0.0032920014879387863,15932
gemma-3-1b-pt,in22-gen,hin_Deva,hin_Deva,3,16000,1152,0.017438523471355438,0.14794318015664962,0.8401866204347266,4.70434318719438,0.0040836312388840106,15932
gemma-3-1b-pt,in22-gen,hin_Deva,hin_Deva,4,16000,1152,0.0079995421692729,0.28320528710371395,0.8152598407476239,5.52298342422482,0.0047942564446396005,15932
gemma-3-1b-pt,in22-gen,hin_Deva,hin_Deva,5,16000,1152,0.003830698085948825,0.4090696258208589,0.9226165977058659,8.518370903726606,0.007394419187262679,15932
gemma-3-1b-pt,in22-gen,hin_Deva,hin_Deva,6,16000,1152,0.0044431425631046295,0.37152201897763915,0.9565326029137211,8.46602947731368,0.007348983921279237,15932
gemma-3-1b-pt,in22-gen,hin_Deva,hin_Deva,7,16000,1152,0.0041120038367807865,0.3881347701701966,0.9550111179464672,9.90119690083362,0.008594788976418072,15932
gemma-3-1b-pt,in22-gen,hin_Deva,hin_Deva,8,16000,1152,0.002090377965942025,0.5276703413463594,0.9623653821855362,11.669667057801437,0.010129919321008192,15932
gemma-3-1b-pt,in22-gen,hin_Deva,hin_Deva,9,16000,1152,0.0015987474471330643,0.5838059755645364,0.9848597368160955,14.164402485613541,0.012295488268761754,15932
gemma-3-1b-pt,in22-gen,hin_Deva,hin_Deva,10,16000,1152,0.0021650383714586496,0.5221954748556179,0.9858501950595481,14.903257539559828,0.01293685550309013,15932
gemma-3-1b-pt,in22-gen,hin_Deva,hin_Deva,11,16000,1152,0.0025829786900430918,0.48687050968053547,0.9867640908325425,17.127535437382594,0.014867652289394613,15932
gemma-3-1b-pt,in22-gen,hin_Deva,hin_Deva,12,16000,1152,0.001268691150471568,0.6338700968523684,0.9872940297377829,16.504337273137047,0.014326681660709242,15932
gemma-3-1b-pt,in22-gen,hin_Deva,hin_Deva,13,16000,1152,0.0011247906368225813,0.6573166458404298,0.9845126914034636,16.49270155752762,0.014316581213131615,15932
gemma-3-1b-pt,in22-gen,hin_Deva,hin_Deva,14,16000,1152,0.0015958098229020834,0.5911240278720354,0.9826750388023308,16.875610910538988,0.014648967804287316,15932
gemma-3-1b-pt,in22-gen,hin_Deva,hin_Deva,15,16000,1152,0.002077877288684249,0.5406579840150597,0.9766130186238128,16.89688677625397,0.014667436437720461,15932
gemma-3-1b-pt,in22-gen,hin_Deva,hin_Deva,16,16000,1152,0.0030211852863430977,0.4696051127560298,0.9774688572210185,17.184113170296637,0.014916764904771387,15932
gemma-3-1b-pt,in22-gen,hin_Deva,hin_Deva,17,16000,1152,0.006698464043438435,0.333168095121253,0.9750826102828071,15.470145643884015,0.013428945871427097,15932
gemma-3-1b-pt,in22-gen,hin_Deva,hin_Deva,18,16000,1152,0.008170006796717644,0.3024517062256473,0.9622652906841607,14.029748886942803,0.012178601464360072,15932
gemma-3-1b-pt,in22-gen,hin_Deva,hin_Deva,19,16000,1152,0.007593649439513683,0.31307272703211625,0.952193654084655,13.231904519171978,0.011486028228447898,15932
gemma-3-1b-pt,in22-gen,hin_Deva,hin_Deva,20,16000,1152,0.00615893118083477,0.3460293319324802,0.9444147754758669,13.118435214987366,0.011387530568565422,15932
gemma-3-1b-pt,in22-gen,hin_Deva,hin_Deva,21,16000,1152,0.006560988258570433,0.33655150026725394,0.9398909686575654,13.164360398022758,0.0114273961788392,15932
gemma-3-1b-pt,in22-gen,hin_Deva,hin_Deva,22,16000,1152,0.00722220866009593,0.3221483893353539,0.944682680973491,13.265607265414308,0.011515284084561032,15932
gemma-3-1b-pt,in22-gen,hin_Deva,hin_Deva,23,16000,1152,0.009549211710691452,0.28208991245191567,0.945987966996181,13.377990633126087,0.011612839091255284,15932
gemma-3-1b-pt,in22-gen,hin_Deva,hin_Deva,24,16000,1152,0.012739337980747223,0.24459897897417948,0.9424586907471856,13.548692428371602,0.011761017732961461,15932
gemma-3-1b-pt,in22-gen,hin_Deva,hin_Deva,25,16000,1152,0.024286728352308273,0.17144138514317023,0.9395348309244539,13.91723603206286,0.012080934055610122,15932
gemma-3-1b-pt,in22-gen,hin_Deva,hin_Deva,26,16000,1152,0.010772637091577053,0.22575883256829998,0.8476739598370552,13.56687346125519,0.011776799879561796,15932
